tipo,temporada,fecha,tipo_producto,codigo_SACH,producto,pais,region,volumen,valor,precio
Exportaciones,2019,01/01/2019 0:00:00,Miel natural,4090090,Las demás mieles naturales (desde 2012),Alemania,BioBio,40.8,129.3,3.1
Exportaciones,2019,01/01/2019 0:00:00,Miel natural,4090090,Las demás mieles naturales (desde 2012),Alemania,Metropolitana,172.4,494.2,2.8
Exportaciones,2019,01/01/2019 0:00:00,Miel natural,4090090,Las demás mieles naturales (desde 2012),Alemania,Ñuble,20.8,64.5,3
Exportaciones,2019,01/01/2019 0:00:00,Miel natural,4090090,Las demás mieles naturales (desde 2012),Alemania,Valparaíso,44.4,143.9,3.2
Exportaciones,2019,01/01/2019 0:00:00,Miel natural,4090090,Las demás mieles naturales (desde 2012),Japón,Maule,1.1,10.4,9
Exportaciones,2019,01/01/2019 0:00:00,Miel natural,4090090,Las demás mieles naturales (desde 2012),Japón,Metropolitana,1.1,21.6,18.9
Exportaciones,2019,01/02/2019 0:00:00,Material vivo - Abejas Reinas,1064112,Abejas reinas (Apis mellifera) (desde 2017),Italia,Valparaíso,0.3,4.8,12.6
Exportaciones,2019,01/02/2019 0:00:00,Miel natural,4090090,Las demás mieles naturales (desde 2012),Alemania,Metropolitana,65.3,200,3
Exportaciones,2019,01/02/2019 0:00:00,Miel natural,4090090,Las demás mieles naturales (desde 2012),Bélgica,BioBio,20.4,74,3.6
Exportaciones,2019,01/02/2019 0:00:00,Miel natural,4090090,Las demás mieles naturales (desde 2012),Rep. Checa,Valparaíso,42.5,117.7,2.7
Exportaciones,2019,01/03/2019 0:00:00,Material vivo - Paquetes abejas,1064190,"Las demás abejas, vivas (desde 2012)",Canadá,BioBio,5.4,39.2,7.2
Exportaciones,2019,01/03/2019 0:00:00,Material vivo - Paquetes abejas,1064190,"Las demás abejas, vivas (desde 2012)",Italia,Valparaíso,0.2,4.8,24.3
Exportaciones,2019,01/03/2019 0:00:00,Miel natural,4090090,Las demás mieles naturales (desde 2012),Alemania,BioBio,40.8,123.2,3
Exportaciones,2019,01/03/2019 0:00:00,Miel natural,4090090,Las demás mieles naturales (desde 2012),Alemania,La Araucanía,173.6,469.1,2.7
Exportaciones,2019,01/03/2019 0:00:00,Miel natural,4090090,Las demás mieles naturales (desde 2012),Alemania,Metropolitana,129.5,357.6,2.7
Exportaciones,2019,01/03/2019 0:00:00,Miel natural,4090090,Las demás mieles naturales (desde 2012),Alemania,Valparaíso,32.6,99,3
Exportaciones,2019,01/03/2019 0:00:00,Miel natural,4090090,Las demás mieles naturales (desde 2012),Rep. Checa,Valparaíso,21.1,58.6,2.7
Exportaciones,2019,01/03/2019 0:00:00,Miel orgánica,4090010,Miel orgánica (desde 2012),Alemania,Valparaíso,10.7,49.9,4.6
Exportaciones,2019,01/04/2019 0:00:00,Material vivo - Abejas Reinas,1064112,Abejas reinas (Apis mellifera) (desde 2017),Canadá,Libertador Bernardo O'Higgins,0.6,53.9,80.6
Exportaciones,2019,01/04/2019 0:00:00,Material vivo - Abejas Reinas,1064112,Abejas reinas (Apis mellifera) (desde 2017),Francia,Valparaíso,1.2,16.2,13.5
Exportaciones,2019,01/04/2019 0:00:00,Material vivo - Paquetes abejas,1064119,Las demás Abejas (Apis mellifera) (desde 2017),Canadá,Maule,2.2,106.2,46.8
Exportaciones,2019,01/04/2019 0:00:00,Material vivo - Paquetes abejas,1064119,Las demás Abejas (Apis mellifera) (desde 2017),Canadá,Valparaíso,0.5,49,90.7
Exportaciones,2019,01/04/2019 0:00:00,Material vivo - Paquetes abejas,1064190,"Las demás abejas, vivas (desde 2012)",Canadá,BioBio,0.4,4.2,9.4
Exportaciones,2019,01/04/2019 0:00:00,Miel natural,4090090,Las demás mieles naturales (desde 2012),Alemania,La Araucanía,20.7,53.3,2.5
Exportaciones,2019,01/04/2019 0:00:00,Miel natural,4090090,Las demás mieles naturales (desde 2012),Alemania,Metropolitana,196.1,584.3,2.9
Exportaciones,2019,01/04/2019 0:00:00,Miel natural,4090090,Las demás mieles naturales (desde 2012),Alemania,Región de Los Ríos,20.4,60,2.9
Exportaciones,2019,01/04/2019 0:00:00,Miel natural,4090090,Las demás mieles naturales (desde 2012),Francia,Libertador Bernardo O'Higgins,44,129,2.9
Exportaciones,2019,01/04/2019 0:00:00,Miel natural,4090090,Las demás mieles naturales (desde 2012),Suiza,Valparaíso,45.4,157.8,3.4
Exportaciones,2019,01/05/2019 0:00:00,Material vivo - Abejas Reinas,1064112,Abejas reinas (Apis mellifera) (desde 2017),Francia,Valparaíso,0.5,6.5,13.1
Exportaciones,2019,01/05/2019 0:00:00,Material vivo - Paquetes abejas,1064119,Las demás Abejas (Apis mellifera) (desde 2017),Canadá,Libertador Bernardo O'Higgins,1,94.4,89.1
Exportaciones,2019,01/05/2019 0:00:00,Material vivo - Paquetes abejas,1064119,Las demás Abejas (Apis mellifera) (desde 2017),Canadá,Maule,0.9,86.2,88.7
Exportaciones,2019,01/05/2019 0:00:00,Miel natural,4090090,Las demás mieles naturales (desde 2012),Alemania,La Araucanía,20.8,54.2,2.6
Exportaciones,2019,01/05/2019 0:00:00,Miel natural,4090090,Las demás mieles naturales (desde 2012),Alemania,Metropolitana,262.1,745.2,2.8
Exportaciones,2019,01/05/2019 0:00:00,Miel natural,4090090,Las demás mieles naturales (desde 2012),Alemania,Región de Los Ríos,160.8,471.1,2.9
Exportaciones,2019,01/05/2019 0:00:00,Miel natural,4090090,Las demás mieles naturales (desde 2012),Alemania,Valparaíso,65.8,221.9,3.3
Exportaciones,2019,01/05/2019 0:00:00,Miel natural,4090090,Las demás mieles naturales (desde 2012),Austria,Libertador Bernardo O'Higgins,18.2,58.8,3.2
Exportaciones,2019,01/05/2019 0:00:00,Miel natural,4090090,Las demás mieles naturales (desde 2012),Francia,Libertador Bernardo O'Higgins,65.2,190.8,2.9
Exportaciones,2019,01/05/2019 0:00:00,Miel natural,4090090,Las demás mieles naturales (desde 2012),Hong Kong,Maule,0.3,5.2,16.8
Exportaciones,2019,01/05/2019 0:00:00,Miel natural,4090090,Las demás mieles naturales (desde 2012),Rep. Checa,Valparaíso,42.5,121.2,2.8
Exportaciones,2019,01/05/2019 0:00:00,Miel natural,4090090,Las demás mieles naturales (desde 2012),Suiza,Metropolitana,21.7,52.1,2.4
Exportaciones,2019,01/05/2019 0:00:00,Miel natural,4090090,Las demás mieles naturales (desde 2012),Suiza,Valparaíso,22.7,69.3,3
Exportaciones,2019,01/06/2019 0:00:00,Material vivo - Abejas Reinas,1064112,Abejas reinas (Apis mellifera) (desde 2017),Canadá,Libertador Bernardo O'Higgins,6.8,119.2,17.5
Exportaciones,2019,01/06/2019 0:00:00,Material vivo - Paquetes abejas,1064119,Las demás Abejas (Apis mellifera) (desde 2017),Canadá,Maule,0,8.4,93.4
Exportaciones,2019,01/06/2019 0:00:00,Miel natural,4090090,Las demás mieles naturales (desde 2012),Alemania,Metropolitana,44.1,112.3,2.5
Exportaciones,2019,01/06/2019 0:00:00,Miel natural,4090090,Las demás mieles naturales (desde 2012),Alemania,Región de Los Ríos,80.4,236.6,2.9
Exportaciones,2019,01/06/2019 0:00:00,Miel natural,4090090,Las demás mieles naturales (desde 2012),Alemania,Valparaíso,45.5,130.1,2.8
Exportaciones,2019,01/06/2019 0:00:00,Miel natural,4090090,Las demás mieles naturales (desde 2012),Austria,Libertador Bernardo O'Higgins,59.6,181.4,3
Exportaciones,2019,01/06/2019 0:00:00,Miel natural,4090090,Las demás mieles naturales (desde 2012),Hong Kong,Maule,0.3,5.1,16.8
Exportaciones,2019,01/06/2019 0:00:00,Miel natural,4090090,Las demás mieles naturales (desde 2012),Italia,Libertador Bernardo O'Higgins,70.3,207.7,2.9
Exportaciones,2019,01/07/2019 0:00:00,Miel natural,4090090,Las demás mieles naturales (desde 2012),Alemania,Metropolitana,265.8,790.1,2.9
Exportaciones,2019,01/07/2019 0:00:00,Miel natural,4090090,Las demás mieles naturales (desde 2012),Alemania,Región de Los Ríos,120.6,351.8,2.9
Exportaciones,2019,01/07/2019 0:00:00,Miel natural,4090090,Las demás mieles naturales (desde 2012),Alemania,Valparaíso,22.7,79.4,3.4
Exportaciones,2019,01/07/2019 0:00:00,Miel natural,4090090,Las demás mieles naturales (desde 2012),Austria,Libertador Bernardo O'Higgins,20.8,56.9,2.7
Exportaciones,2019,01/07/2019 0:00:00,Miel natural,4090090,Las demás mieles naturales (desde 2012),Francia,Libertador Bernardo O'Higgins,67.5,197.4,2.9
Exportaciones,2019,01/07/2019 0:00:00,Miel natural,4090090,Las demás mieles naturales (desde 2012),Francia,Región de Los Ríos,40.2,117.7,2.9
Exportaciones,2019,01/07/2019 0:00:00,Miel natural,4090090,Las demás mieles naturales (desde 2012),Holanda,Región de Los Ríos,20.1,62.3,3.1
Exportaciones,2019,01/07/2019 0:00:00,Miel natural,4090090,Las demás mieles naturales (desde 2012),Suiza,Región de Los Ríos,20.1,63.3,3.1
Exportaciones,2019,01/07/2019 0:00:00,Miel orgánica,4090010,Miel orgánica (desde 2012),Alemania,Libertador Bernardo O'Higgins,22.4,76.4,3.4
Exportaciones,2019,01/07/2019 0:00:00,Miel orgánica,4090010,Miel orgánica (desde 2012),Alemania,Metropolitana,21.4,64.4,3
Exportaciones,2019,01/08/2019 0:00:00,Miel natural,4090090,Las demás mieles naturales (desde 2012),Alemania,Metropolitana,65.3,186,2.8
Exportaciones,2019,01/08/2019 0:00:00,Miel natural,4090090,Las demás mieles naturales (desde 2012),Alemania,Región de Los Ríos,281.4,821.5,2.9
Exportaciones,2019,01/08/2019 0:00:00,Miel natural,4090090,Las demás mieles naturales (desde 2012),Bélgica,Metropolitana,20.9,59.6,2.8
Exportaciones,2019,01/08/2019 0:00:00,Miel natural,4090090,Las demás mieles naturales (desde 2012),Emiratos Arabes,Valparaíso,1.3,6.7,4.9
Exportaciones,2019,01/08/2019 0:00:00,Miel natural,4090090,Las demás mieles naturales (desde 2012),Francia,Metropolitana,21.5,65.7,3
Exportaciones,2019,01/08/2019 0:00:00,Miel natural,4090090,Las demás mieles naturales (desde 2012),Francia,Región de Los Ríos,40.2,117.6,2.9
Exportaciones,2019,01/08/2019 0:00:00,Miel natural,4090090,Las demás mieles naturales (desde 2012),Suiza,Metropolitana,86.1,283.1,3.2
Exportaciones,2019,01/08/2019 0:00:00,Miel orgánica,4090010,Miel orgánica (desde 2012),Alemania,Libertador Bernardo O'Higgins,88.2,301.1,3.4
Exportaciones,2019,01/09/2019 0:00:00,Miel natural,4090090,Las demás mieles naturales (desde 2012),Alemania,La Araucanía,108.7,289.3,2.6
Exportaciones,2019,01/09/2019 0:00:00,Miel natural,4090090,Las demás mieles naturales (desde 2012),Alemania,Metropolitana,196.6,531.7,2.7
Exportaciones,2019,01/09/2019 0:00:00,Miel natural,4090090,Las demás mieles naturales (desde 2012),Alemania,Región de Los Ríos,80.4,230.9,2.8
Exportaciones,2019,01/09/2019 0:00:00,Miel natural,4090090,Las demás mieles naturales (desde 2012),Estados Unidos,Los Lagos,0.9,11.7,12.9
Exportaciones,2019,01/09/2019 0:00:00,Miel natural,4090090,Las demás mieles naturales (desde 2012),Francia,Región de Los Ríos,20.1,59.1,2.9
Exportaciones,2019,01/10/2019 0:00:00,Miel natural,4090090,Las demás mieles naturales (desde 2012),Alemania,Metropolitana,43.1,149.9,3.4
Exportaciones,2019,01/10/2019 0:00:00,Miel natural,4090090,Las demás mieles naturales (desde 2012),Estados Unidos,Región de Los Ríos,0.3,10.2,33.5
Exportaciones,2019,01/10/2019 0:00:00,Miel natural,4090090,Las demás mieles naturales (desde 2012),Francia,Libertador Bernardo O'Higgins,90.5,258.2,2.8
Exportaciones,2019,01/10/2019 0:00:00,Miel orgánica,4090010,Miel orgánica (desde 2012),Alemania,Libertador Bernardo O'Higgins,10.5,34.9,3.2
Exportaciones,2019,01/10/2019 0:00:00,Miel orgánica,4090010,Miel orgánica (desde 2012),Hong Kong,Metropolitana,0,0.3,14.8
Exportaciones,2019,01/11/2019 0:00:00,Miel natural,4090090,Las demás mieles naturales (desde 2012),Alemania,La Araucanía,86.7,232.1,2.6
Exportaciones,2019,01/11/2019 0:00:00,Miel natural,4090090,Las demás mieles naturales (desde 2012),Alemania,Metropolitana,21.6,51.7,2.3
Exportaciones,2019,01/11/2019 0:00:00,Miel natural,4090090,Las demás mieles naturales (desde 2012),Holanda,Región de Los Ríos,20.1,62.3,3.1
Exportaciones,2019,01/11/2019 0:00:00,Miel orgánica,4090010,Miel orgánica (desde 2012),Alemania,Metropolitana,0.6,9.3,13.5
Exportaciones,2019,01/12/2019 0:00:00,Miel natural,4090090,Las demás mieles naturales (desde 2012),Alemania,Región de Los Ríos,140.7,399.3,2.8
Exportaciones,2019,01/12/2019 0:00:00,Miel natural,4090090,Las demás mieles naturales (desde 2012),España,Libertador Bernardo O'Higgins,17.9,48.7,2.7
Exportaciones,2019,01/12/2019 0:00:00,Miel natural,4090090,Las demás mieles naturales (desde 2012),Francia,Libertador Bernardo O'Higgins,37.9,104.4,2.7
Exportaciones,2019,01/12/2019 0:00:00,Miel orgánica,4090010,Miel orgánica (desde 2012),Alemania,Libertador Bernardo O'Higgins,19.8,67.5,3.3
Exportaciones,2020,01/01/2020 0:00:00,Miel natural,4090090,Las demás mieles naturales (desde 2012),Alemania,Metropolitana,44.9,166.5,3.7
Exportaciones,2020,01/01/2020 0:00:00,Miel natural,4090090,Las demás mieles naturales (desde 2012),Alemania,Región de Los Ríos,40.2,120.6,3
Exportaciones,2020,01/01/2020 0:00:00,Miel natural,4090090,Las demás mieles naturales (desde 2012),Francia,BioBio,3.6,10.3,2.8
Exportaciones,2020,01/01/2020 0:00:00,Miel natural,4090090,Las demás mieles naturales (desde 2012),Malasia,Valparaíso,0,1.2,13.8
Exportaciones,2020,01/01/2020 0:00:00,Miel orgánica,4090010,Miel orgánica (desde 2012),Alemania,Metropolitana,22.6,88,3.8
Exportaciones,2020,01/02/2020 0:00:00,Miel natural,4090090,Las demás mieles naturales (desde 2012),Bahamas,Los Lagos,0.1,2.4,13.4
Exportaciones,2020,01/02/2020 0:00:00,Miel natural,4090090,Las demás mieles naturales (desde 2012),Francia,Metropolitana,20.9,63.9,3
Exportaciones,2020,01/03/2020 0:00:00,Material vivo - Abejas Reinas,1064112,Abejas reinas (Apis mellifera) (desde 2017),Italia,Valparaíso,0.5,6.6,13.2
Exportaciones,2020,01/03/2020 0:00:00,Miel natural,4090090,Las demás mieles naturales (desde 2012),Alemania,Metropolitana,155.2,422.2,2.7
Exportaciones,2020,01/03/2020 0:00:00,Miel natural,4090090,Las demás mieles naturales (desde 2012),España,Metropolitana,21.2,64.2,3
Exportaciones,2020,01/03/2020 0:00:00,Miel natural,4090090,Las demás mieles naturales (desde 2012),Estados Unidos,Metropolitana,0.6,6.9,10.2
Exportaciones,2020,01/04/2020 0:00:00,Material vivo - Abejas Reinas,1064112,Abejas reinas (Apis mellifera) (desde 2017),Francia,Valparaíso,0.6,8.2,13.6
Exportaciones,2020,01/04/2020 0:00:00,Material vivo - Paquetes abejas,1064119,Las demás Abejas (Apis mellifera) (desde 2017),Canadá,Libertador Bernardo O'Higgins,1.1,103.1,88.1
Exportaciones,2020,01/04/2020 0:00:00,Miel natural,4090090,Las demás mieles naturales (desde 2012),Alemania,Metropolitana,240.9,678.4,2.8
Exportaciones,2020,01/04/2020 0:00:00,Miel natural,4090090,Las demás mieles naturales (desde 2012),Alemania,Región de Los Ríos,60.3,169.9,2.8
Exportaciones,2020,01/04/2020 0:00:00,Miel natural,4090090,Las demás mieles naturales (desde 2012),Francia,Libertador Bernardo O'Higgins,21.1,60.7,2.8
Exportaciones,2020,01/04/2020 0:00:00,Miel orgánica,4090010,Miel orgánica (desde 2012),Francia,Libertador Bernardo O'Higgins,34.5,123.1,3.5
Exportaciones,2020,01/04/2020 0:00:00,Miel orgánica,4090010,Miel orgánica (desde 2012),Hong Kong,Metropolitana,0,0.6,9.6
Exportaciones,2020,01/05/2020 0:00:00,Miel natural,4090090,Las demás mieles naturales (desde 2012),Alemania,Metropolitana,173.3,496.1,2.8
Exportaciones,2020,01/05/2020 0:00:00,Miel natural,4090090,Las demás mieles naturales (desde 2012),Alemania,Región de Los Ríos,120.6,348.4,2.8
Exportaciones,2020,01/05/2020 0:00:00,Miel natural,4090090,Las demás mieles naturales (desde 2012),China,Los Lagos,1.6,17,10.1
Exportaciones,2020,01/05/2020 0:00:00,Miel natural,4090090,Las demás mieles naturales (desde 2012),Emiratos Arabes,Metropolitana,0.5,11.7,20.2
Exportaciones,2020,01/05/2020 0:00:00,Miel natural,4090090,Las demás mieles naturales (desde 2012),Estados Unidos,Metropolitana,0.1,2.8,17.1
Exportaciones,2020,01/05/2020 0:00:00,Miel natural,4090090,Las demás mieles naturales (desde 2012),Francia,Región de Los Ríos,80.4,214.9,2.6
Exportaciones,2020,01/05/2020 0:00:00,Miel natural,4090090,Las demás mieles naturales (desde 2012),Holanda,Región de Los Ríos,20.1,58.2,2.9
Exportaciones,2020,01/05/2020 0:00:00,Miel orgánica,4090010,Miel orgánica (desde 2012),Alemania,Libertador Bernardo O'Higgins,33.8,107,3.1
Exportaciones,2020,01/06/2020 0:00:00,Material vivo - Abejas Reinas,1064112,Abejas reinas (Apis mellifera) (desde 2017),Canadá,Libertador Bernardo O'Higgins,3.9,65.3,16.3
Exportaciones,2020,01/06/2020 0:00:00,Material vivo - Abejas Reinas,1064112,Abejas reinas (Apis mellifera) (desde 2017),Canadá,Valparaíso,2.4,37.4,15.6
Exportaciones,2020,01/06/2020 0:00:00,Miel natural,4090090,Las demás mieles naturales (desde 2012),Alemania,Región de Los Ríos,120.6,359.4,2.9
Exportaciones,2020,01/06/2020 0:00:00,Miel natural,4090090,Las demás mieles naturales (desde 2012),Estados Unidos,Metropolitana,0.3,4.9,15.4
Exportaciones,2020,01/06/2020 0:00:00,Miel natural,4090090,Las demás mieles naturales (desde 2012),Francia,Metropolitana,21.4,66.6,3.1
Exportaciones,2020,01/06/2020 0:00:00,Miel natural,4090090,Las demás mieles naturales (desde 2012),Japón,Metropolitana,0.7,22.3,30.3
Exportaciones,2020,01/06/2020 0:00:00,Miel natural,4090090,Las demás mieles naturales (desde 2012),Reino Unido,Metropolitana,21.6,81.7,3.7
Exportaciones,2020,01/06/2020 0:00:00,Miel natural,4090090,Las demás mieles naturales (desde 2012),Suiza,Región de Los Ríos,20.1,58.2,2.9
Exportaciones,2020,01/06/2020 0:00:00,Miel orgánica,4090010,Miel orgánica (desde 2012),Alemania,Libertador Bernardo O'Higgins,17.1,54.4,3.1
Exportaciones,2020,01/06/2020 0:00:00,Miel orgánica,4090010,Miel orgánica (desde 2012),Alemania,Metropolitana,21.4,81.5,3.8
Exportaciones,2020,01/07/2020 0:00:00,Cera,15219019,Las demás ceras de abejas incluso refinadas o coloreadas (desde 2017),Estados Unidos,Metropolitana,10,66.4,6.6
Exportaciones,2020,01/07/2020 0:00:00,Miel natural,4090090,Las demás mieles naturales (desde 2012),Alemania,Mercadería extranjera nacionalizada,20.5,60.8,2.9
Exportaciones,2020,01/07/2020 0:00:00,Miel natural,4090090,Las demás mieles naturales (desde 2012),Alemania,Región de Los Ríos,180.9,535.2,2.9
Exportaciones,2020,01/07/2020 0:00:00,Miel natural,4090090,Las demás mieles naturales (desde 2012),España,Región de Los Ríos,10.8,32.9,3
Exportaciones,2020,01/07/2020 0:00:00,Miel natural,4090090,Las demás mieles naturales (desde 2012),Rep. Checa,Metropolitana,21.4,66.5,3.1
Exportaciones,2020,01/07/2020 0:00:00,Miel natural,4090090,Las demás mieles naturales (desde 2012),Suiza,Metropolitana,21.5,69,3.2
Exportaciones,2020,01/07/2020 0:00:00,Miel orgánica,4090010,Miel orgánica (desde 2012),Alemania,Metropolitana,43,157.5,3.6
Exportaciones,2020,01/07/2020 0:00:00,Miel orgánica,4090010,Miel orgánica (desde 2012),Bélgica,Metropolitana,21.5,76.6,3.5
Exportaciones,2020,01/08/2020 0:00:00,Cera,15219019,Las demás ceras de abejas incluso refinadas o coloreadas (desde 2017),Estados Unidos,Metropolitana,11,78.2,7.1
Exportaciones,2020,01/08/2020 0:00:00,Miel natural,4090090,Las demás mieles naturales (desde 2012),Alemania,Metropolitana,21.2,71.8,3.3
Exportaciones,2020,01/08/2020 0:00:00,Miel natural,4090090,Las demás mieles naturales (desde 2012),Alemania,Región de Los Ríos,140.7,424.5,3
Exportaciones,2020,01/08/2020 0:00:00,Miel natural,4090090,Las demás mieles naturales (desde 2012),Estados Unidos,La Araucanía,0,0,1
Exportaciones,2020,01/08/2020 0:00:00,Miel natural,4090090,Las demás mieles naturales (desde 2012),Estados Unidos,Metropolitana,1.8,7.9,4.4
Exportaciones,2020,01/08/2020 0:00:00,Miel natural,4090090,Las demás mieles naturales (desde 2012),Estados Unidos,Región de Los Ríos,1.7,14.2,8.3
Exportaciones,2020,01/09/2020 0:00:00,Miel natural,4090090,Las demás mieles naturales (desde 2012),Alemania,La Araucanía,21.5,57.3,2.6
Exportaciones,2020,01/09/2020 0:00:00,Miel natural,4090090,Las demás mieles naturales (desde 2012),Estados Unidos,Metropolitana,0.1,6,33.6
Exportaciones,2020,01/09/2020 0:00:00,Miel orgánica,4090010,Miel orgánica (desde 2012),Emiratos Arabes,Metropolitana,2,26.7,12.9
Exportaciones,2020,01/10/2020 0:00:00,Miel natural,4090090,Las demás mieles naturales (desde 2012),Alemania,Región de Los Ríos,60.3,186.7,3
Exportaciones,2020,01/10/2020 0:00:00,Miel natural,4090090,Las demás mieles naturales (desde 2012),Francia,BioBio,8.4,26,3.1
Exportaciones,2020,01/10/2020 0:00:00,Miel natural,4090090,Las demás mieles naturales (desde 2012),Italia,BioBio,10.5,34.6,3.3
Exportaciones,2020,01/11/2020 0:00:00,Miel natural,4090090,Las demás mieles naturales (desde 2012),Alemania,Maule,22.5,56.4,2.5
Exportaciones,2020,01/11/2020 0:00:00,Miel natural,4090090,Las demás mieles naturales (desde 2012),Alemania,Región de Los Ríos,40.2,121.5,3
Exportaciones,2020,01/11/2020 0:00:00,Miel natural,4090090,Las demás mieles naturales (desde 2012),China,Los Lagos,0.8,10.2,11.7
Exportaciones,2020,01/11/2020 0:00:00,Miel orgánica,4090010,Miel orgánica (desde 2012),Bélgica,Valparaíso,21.5,84.2,3.9
Exportaciones,2020,01/12/2020 0:00:00,Miel natural,4090090,Las demás mieles naturales (desde 2012),Bahamas,Metropolitana,0.2,2.7,9.8
Exportaciones,2020,01/12/2020 0:00:00,Miel natural,4090090,Las demás mieles naturales (desde 2012),Bolivia,Metropolitana,0.1,0.5,4.7
Exportaciones,2020,01/12/2020 0:00:00,Miel natural,4090090,Las demás mieles naturales (desde 2012),Estados Unidos,Metropolitana,0.1,5.1,27.3
Exportaciones,2020,01/12/2020 0:00:00,Miel natural,4090090,Las demás mieles naturales (desde 2012),Francia,Región de Los Ríos,19.8,64.2,3.2
Exportaciones,2021,01/01/2021 0:00:00,Miel natural,4090090,Las demás mieles naturales (desde 2012),Alemania,Metropolitana,65.8,235.9,3.5
Exportaciones,2021,01/01/2021 0:00:00,Miel natural,4090090,Las demás mieles naturales (desde 2012),Bangladesh,Metropolitana,0.7,9.5,13.5
Exportaciones,2021,01/01/2021 0:00:00,Miel natural,4090090,Las demás mieles naturales (desde 2012),China,Metropolitana,1.5,27.2,17.2
Exportaciones,2021,01/01/2021 0:00:00,Miel natural,4090090,Las demás mieles naturales (desde 2012),Estados Unidos,Metropolitana,0.2,2.4,10.6
Exportaciones,2021,01/02/2021 0:00:00,Miel natural,4090090,Las demás mieles naturales (desde 2012),Alemania,Metropolitana,88.9,332,3.7
Exportaciones,2021,01/03/2021 0:00:00,Material vivo - Abejas Reinas,1064112,Abejas reinas (Apis mellifera) (desde 2017),Francia,Valparaíso,1.2,18.2,15.1
Exportaciones,2021,01/03/2021 0:00:00,Material vivo - Abejas Reinas,1064112,Abejas reinas (Apis mellifera) (desde 2017),Italia,Valparaíso,1.1,17.8,16.2
Exportaciones,2021,01/03/2021 0:00:00,Miel natural,4090090,Las demás mieles naturales (desde 2012),Alemania,Metropolitana,355.7,1435.5,4
Exportaciones,2021,01/03/2021 0:00:00,Miel natural,4090090,Las demás mieles naturales (desde 2012),Bolivia,Metropolitana,2.5,11.9,4.7
Exportaciones,2021,01/03/2021 0:00:00,Miel natural,4090090,Las demás mieles naturales (desde 2012),Italia,Metropolitana,0.8,5.2,5.9
Exportaciones,2021,01/03/2021 0:00:00,Miel natural,4090090,Las demás mieles naturales (desde 2012),Japón,Metropolitana,1.2,7.1,5.8
Exportaciones,2021,01/04/2021 0:00:00,Miel natural,4090090,Las demás mieles naturales (desde 2012),Alemania,Libertador Bernardo O'Higgins,21.8,83,3.8
Exportaciones,2021,01/04/2021 0:00:00,Miel natural,4090090,Las demás mieles naturales (desde 2012),Alemania,Metropolitana,154.9,659.9,4.2
Exportaciones,2021,01/04/2021 0:00:00,Miel natural,4090090,Las demás mieles naturales (desde 2012),Alemania,Valparaíso,44.1,178.1,4
Exportaciones,2021,01/04/2021 0:00:00,Miel natural,4090090,Las demás mieles naturales (desde 2012),China,Metropolitana,0,0.2,2.6
Exportaciones,2021,01/04/2021 0:00:00,Miel natural,4090090,Las demás mieles naturales (desde 2012),China,Valparaíso,0.7,6.4,9.1
Exportaciones,2021,01/04/2021 0:00:00,Miel natural,4090090,Las demás mieles naturales (desde 2012),Emiratos Arabes,Libertador Bernardo O'Higgins,23.6,140,5.9
Exportaciones,2021,01/04/2021 0:00:00,Miel natural,4090090,Las demás mieles naturales (desde 2012),Francia,BioBio,20.1,89.8,4.4
Exportaciones,2021,01/04/2021 0:00:00,Miel natural,4090090,Las demás mieles naturales (desde 2012),Italia,Libertador Bernardo O'Higgins,21.5,93.2,4.3
Exportaciones,2021,01/04/2021 0:00:00,Miel natural,4090090,Las demás mieles naturales (desde 2012),Italia,Metropolitana,21.4,94.2,4.3
Exportaciones,2021,01/04/2021 0:00:00,Miel natural,4090090,Las demás mieles naturales (desde 2012),Suiza,Metropolitana,21.4,78.4,3.6
Exportaciones,2021,01/04/2021 0:00:00,Miel orgánica,4090010,Miel orgánica (desde 2012),Alemania,Libertador Bernardo O'Higgins,65.3,285.4,4.3
Exportaciones,2021,01/05/2021 0:00:00,Material vivo - Abejas Reinas,1064112,Abejas reinas (Apis mellifera) (desde 2017),Canadá,Libertador Bernardo O'Higgins,7,126.4,18
Exportaciones,2021,01/05/2021 0:00:00,Material vivo - Abejas Reinas,1064112,Abejas reinas (Apis mellifera) (desde 2017),Canadá,Metropolitana,2.5,45.9,18.3
Exportaciones,2021,01/05/2021 0:00:00,Material vivo - Paquetes abejas,1064119,Las demás Abejas (Apis mellifera) (desde 2017),Canadá,Libertador Bernardo O'Higgins,0.5,54.1,100.2
Exportaciones,2021,01/05/2021 0:00:00,Miel natural,4090090,Las demás mieles naturales (desde 2012),Alemania,Metropolitana,375,1614.2,4.3
Exportaciones,2021,01/05/2021 0:00:00,Miel natural,4090090,Las demás mieles naturales (desde 2012),Bahamas,Metropolitana,0.3,4.6,11.7
Exportaciones,2021,01/05/2021 0:00:00,Miel natural,4090090,Las demás mieles naturales (desde 2012),China,Metropolitana,0.2,7,29.5
Exportaciones,2021,01/05/2021 0:00:00,Miel natural,4090090,Las demás mieles naturales (desde 2012),Emiratos Arabes,Metropolitana,1.8,19.8,10.6
Exportaciones,2021,01/05/2021 0:00:00,Miel natural,4090090,Las demás mieles naturales (desde 2012),España,Metropolitana,21.3,100.6,4.7
Exportaciones,2021,01/05/2021 0:00:00,Miel natural,4090090,Las demás mieles naturales (desde 2012),Francia,BioBio,20.4,88,4.3
Exportaciones,2021,01/05/2021 0:00:00,Miel natural,4090090,Las demás mieles naturales (desde 2012),Francia,Metropolitana,42.9,189,4.4
Exportaciones,2021,01/05/2021 0:00:00,Miel natural,4090090,Las demás mieles naturales (desde 2012),Kuwait,Metropolitana,0.6,9.8,15.5
Exportaciones,2021,01/05/2021 0:00:00,Miel natural,4090090,Las demás mieles naturales (desde 2012),Suiza,Metropolitana,21.6,103.9,4.8
Exportaciones,2021,01/05/2021 0:00:00,Miel orgánica,4090010,Miel orgánica (desde 2012),Alemania,Metropolitana,63,296.4,4.7
Exportaciones,2021,01/05/2021 0:00:00,Miel orgánica,4090010,Miel orgánica (desde 2012),España,Metropolitana,21.4,102.1,4.7
Exportaciones,2021,01/06/2021 0:00:00,Material vivo - Paquetes abejas,1064119,Las demás Abejas (Apis mellifera) (desde 2017),Canadá,Metropolitana,0.5,65.9,122.1
Exportaciones,2021,01/06/2021 0:00:00,Miel natural,4090090,Las demás mieles naturales (desde 2012),Alemania,BioBio,60.3,241.6,4
Exportaciones,2021,01/06/2021 0:00:00,Miel natural,4090090,Las demás mieles naturales (desde 2012),Alemania,Maule,46.5,190.6,4.1
Exportaciones,2021,01/06/2021 0:00:00,Miel natural,4090090,Las demás mieles naturales (desde 2012),Alemania,Valparaíso,109.4,356.6,3.2
Exportaciones,2021,01/06/2021 0:00:00,Miel natural,4090090,Las demás mieles naturales (desde 2012),Bahamas,Metropolitana,1,11.5,11.2
Exportaciones,2021,01/06/2021 0:00:00,Miel natural,4090090,Las demás mieles naturales (desde 2012),Bélgica,Metropolitana,42.7,190.7,4.4
Exportaciones,2021,01/06/2021 0:00:00,Miel natural,4090090,Las demás mieles naturales (desde 2012),China,Metropolitana,0.6,14.7,23.6
Exportaciones,2021,01/06/2021 0:00:00,Miel natural,4090090,Las demás mieles naturales (desde 2012),Emiratos Arabes,Libertador Bernardo O'Higgins,23.7,140.3,5.9
Exportaciones,2021,01/06/2021 0:00:00,Miel natural,4090090,Las demás mieles naturales (desde 2012),Holanda,BioBio,20.1,81.4,4
Exportaciones,2021,01/06/2021 0:00:00,Miel natural,4090090,Las demás mieles naturales (desde 2012),Japón,BioBio,0.7,12.1,16.2
Exportaciones,2021,01/06/2021 0:00:00,Miel orgánica,4090010,Miel orgánica (desde 2012),Alemania,Libertador Bernardo O'Higgins,65,285.1,4.3
Exportaciones,2021,01/07/2021 0:00:00,Miel natural,4090090,Las demás mieles naturales (desde 2012),Alemania,BioBio,60.3,236.4,3.9
Exportaciones,2021,01/07/2021 0:00:00,Miel natural,4090090,Las demás mieles naturales (desde 2012),Alemania,Metropolitana,132.1,490.1,3.7
Exportaciones,2021,01/07/2021 0:00:00,Miel natural,4090090,Las demás mieles naturales (desde 2012),España,BioBio,40.2,152.4,3.7
Exportaciones,2021,01/07/2021 0:00:00,Miel natural,4090090,Las demás mieles naturales (desde 2012),Estados Unidos,Los Lagos,2.5,22.4,8.7
Exportaciones,2021,01/07/2021 0:00:00,Miel natural,4090090,Las demás mieles naturales (desde 2012),Estados Unidos,Metropolitana,0.5,7.9,14.8
Exportaciones,2021,01/07/2021 0:00:00,Miel natural,4090090,Las demás mieles naturales (desde 2012),Francia,BioBio,40.2,173.2,4.3
Exportaciones,2021,01/07/2021 0:00:00,Miel natural,4090090,Las demás mieles naturales (desde 2012),Holanda,BioBio,20.1,81.4,4
Exportaciones,2021,01/07/2021 0:00:00,Miel orgánica,4090010,Miel orgánica (desde 2012),Alemania,Libertador Bernardo O'Higgins,66,291.8,4.4
Exportaciones,2021,01/08/2021 0:00:00,Miel natural,4090090,Las demás mieles naturales (desde 2012),Alemania,BioBio,40.2,157.4,3.9
Exportaciones,2021,01/08/2021 0:00:00,Miel natural,4090090,Las demás mieles naturales (desde 2012),Alemania,Maule,22.4,92,4.1
Exportaciones,2021,01/08/2021 0:00:00,Miel natural,4090090,Las demás mieles naturales (desde 2012),Alemania,Metropolitana,154.4,564.3,3.6
Exportaciones,2021,01/08/2021 0:00:00,Miel natural,4090090,Las demás mieles naturales (desde 2012),Alemania,Valparaíso,40,180.6,4.5
Exportaciones,2021,01/08/2021 0:00:00,Miel natural,4090090,Las demás mieles naturales (desde 2012),Estados Unidos,Metropolitana,0,0.5,9.4
Exportaciones,2021,01/08/2021 0:00:00,Miel natural,4090090,Las demás mieles naturales (desde 2012),Suiza,BioBio,20.1,81.4,4
Exportaciones,2021,01/08/2021 0:00:00,Miel orgánica,4090010,Miel orgánica (desde 2012),Alemania,Libertador Bernardo O'Higgins,19.4,84.7,4.3
Exportaciones,2021,01/08/2021 0:00:00,Miel orgánica,4090010,Miel orgánica (desde 2012),Alemania,Metropolitana,22.5,97.4,4.3
Exportaciones,2021,01/09/2021 0:00:00,Miel natural,4090090,Las demás mieles naturales (desde 2012),Alemania,BioBio,100.5,393.5,3.9
Exportaciones,2021,01/09/2021 0:00:00,Miel natural,4090090,Las demás mieles naturales (desde 2012),Alemania,Metropolitana,21.4,88.7,4.1
Exportaciones,2021,01/09/2021 0:00:00,Miel natural,4090090,Las demás mieles naturales (desde 2012),Arabia Saudita,Metropolitana,1.1,6.5,5.4
Exportaciones,2021,01/09/2021 0:00:00,Miel natural,4090090,Las demás mieles naturales (desde 2012),China,BioBio,0,2.4,41
Exportaciones,2021,01/09/2021 0:00:00,Miel natural,4090090,Las demás mieles naturales (desde 2012),Emiratos Arabes,Libertador Bernardo O'Higgins,1.6,27.9,16.7
Exportaciones,2021,01/09/2021 0:00:00,Miel natural,4090090,Las demás mieles naturales (desde 2012),Estados Unidos,Metropolitana,0.2,8.6,33.7
Exportaciones,2021,01/09/2021 0:00:00,Miel orgánica,4090010,Miel orgánica (desde 2012),Bélgica,Metropolitana,21.4,97.9,4.5
Exportaciones,2021,01/10/2021 0:00:00,Miel natural,4090090,Las demás mieles naturales (desde 2012),Alemania,BioBio,100.2,397.7,3.9
Exportaciones,2021,01/10/2021 0:00:00,Miel natural,4090090,Las demás mieles naturales (desde 2012),Alemania,Metropolitana,42.9,173.3,4
Exportaciones,2021,01/10/2021 0:00:00,Miel natural,4090090,Las demás mieles naturales (desde 2012),Bolivia,Metropolitana,1.6,7.7,4.7
Exportaciones,2021,01/10/2021 0:00:00,Miel natural,4090090,Las demás mieles naturales (desde 2012),Estados Unidos,Metropolitana,1.2,5.1,4.1
Exportaciones,2021,01/10/2021 0:00:00,Miel natural,4090090,Las demás mieles naturales (desde 2012),Francia,BioBio,40.2,173.1,4.3
Exportaciones,2021,01/10/2021 0:00:00,Miel natural,4090090,Las demás mieles naturales (desde 2012),Kuwait,Metropolitana,0.1,3.4,18.4
Exportaciones,2021,01/10/2021 0:00:00,Miel orgánica,4090010,Miel orgánica (desde 2012),Arabia Saudita,Metropolitana,2.3,13,5.4
Exportaciones,2021,01/10/2021 0:00:00,Miel orgánica,4090010,Miel orgánica (desde 2012),Hong Kong,Metropolitana,0,0.6,12.3
Exportaciones,2021,01/11/2021 0:00:00,Miel natural,4090090,Las demás mieles naturales (desde 2012),Alemania,BioBio,160.8,633.8,3.9
Exportaciones,2021,01/11/2021 0:00:00,Miel natural,4090090,Las demás mieles naturales (desde 2012),Alemania,Metropolitana,109.3,420.5,3.8
Exportaciones,2021,01/11/2021 0:00:00,Miel natural,4090090,Las demás mieles naturales (desde 2012),Bélgica,Metropolitana,21.4,96.2,4.4
Exportaciones,2021,01/11/2021 0:00:00,Miel natural,4090090,Las demás mieles naturales (desde 2012),Estados Unidos,Metropolitana,9,68.9,7.6
Exportaciones,2021,01/11/2021 0:00:00,Miel natural,4090090,Las demás mieles naturales (desde 2012),Kuwait,Metropolitana,0.7,13.1,17
Exportaciones,2021,01/11/2021 0:00:00,Miel natural,4090090,Las demás mieles naturales (desde 2012),Rep. Eslovaca,Metropolitana,21.4,88.1,4.1
Exportaciones,2021,01/11/2021 0:00:00,Miel natural,4090090,Las demás mieles naturales (desde 2012),Suiza,Metropolitana,43,172.7,4
Exportaciones,2021,01/12/2021 0:00:00,Miel natural,4090090,Las demás mieles naturales (desde 2012),Alemania,BioBio,40.2,162.8,4
Exportaciones,2021,01/12/2021 0:00:00,Miel natural,4090090,Las demás mieles naturales (desde 2012),Alemania,Maule,23.1,94.9,4.1
Exportaciones,2022,01/01/2022 0:00:00,Miel natural,4090090,Las demás mieles naturales (desde 2012),Alemania,BioBio,40.2,154,3.8
Exportaciones,2022,01/01/2022 0:00:00,Miel natural,4090090,Las demás mieles naturales (desde 2012),Alemania,Maule,23.7,97.3,4.1
Exportaciones,2022,01/01/2022 0:00:00,Miel natural,4090090,Las demás mieles naturales (desde 2012),Alemania,Metropolitana,151.8,581.2,3.8
Exportaciones,2022,01/01/2022 0:00:00,Miel natural,4090090,Las demás mieles naturales (desde 2012),Estados Unidos,Metropolitana,114.6,478.5,4.1
Exportaciones,2022,01/01/2022 0:00:00,Miel natural,4090090,Las demás mieles naturales (desde 2012),Hong Kong,Libertador Bernardo O'Higgins,0.1,1.2,7.3
Exportaciones,2022,01/01/2022 0:00:00,Miel natural,4090090,Las demás mieles naturales (desde 2012),Reino Unido,Metropolitana,0.4,13.9,29.1
Exportaciones,2022,01/02/2022 0:00:00,Miel natural,4090090,Las demás mieles naturales (desde 2012),Alemania,Metropolitana,21.7,83.4,3.8
Exportaciones,2022,01/02/2022 0:00:00,Miel natural,4090090,Las demás mieles naturales (desde 2012),Alemania,Valparaíso,87.3,335.8,3.8
Exportaciones,2022,01/02/2022 0:00:00,Miel natural,4090090,Las demás mieles naturales (desde 2012),Bélgica,Metropolitana,21.3,87.6,4
Exportaciones,2022,01/03/2022 0:00:00,Material vivo - Abejas Reinas,1064112,Abejas reinas (Apis mellifera) (desde 2017),Italia,Valparaíso,0.8,12,14.1
Exportaciones,2022,01/03/2022 0:00:00,Miel natural,4090090,Las demás mieles naturales (desde 2012),Alemania,BioBio,20.1,77.1,3.8
Exportaciones,2022,01/03/2022 0:00:00,Miel natural,4090090,Las demás mieles naturales (desde 2012),Alemania,Metropolitana,86.9,350.8,4
Exportaciones,2022,01/03/2022 0:00:00,Miel natural,4090090,Las demás mieles naturales (desde 2012),Alemania,Valparaíso,154.6,622.7,4
Exportaciones,2022,01/03/2022 0:00:00,Miel natural,4090090,Las demás mieles naturales (desde 2012),España,Metropolitana,42.9,167.4,3.9
Exportaciones,2022,01/03/2022 0:00:00,Miel natural,4090090,Las demás mieles naturales (desde 2012),Estados Unidos,Metropolitana,0,0.4,10.4
Exportaciones,2022,01/03/2022 0:00:00,Miel natural,4090090,Las demás mieles naturales (desde 2012),Japón,Metropolitana,2.9,35.8,12
Exportaciones,2022,01/03/2022 0:00:00,Miel orgánica,4090010,Miel orgánica (desde 2012),Alemania,Libertador Bernardo O'Higgins,21.7,99.3,4.5
Exportaciones,2022,01/03/2022 0:00:00,Miel orgánica,4090010,Miel orgánica (desde 2012),Alemania,Metropolitana,42.6,188.5,4.4
Exportaciones,2022,01/04/2022 0:00:00,Material vivo - Paquetes abejas,1064119,Las demás Abejas (Apis mellifera) (desde 2017),Canadá,Metropolitana,1.6,134.1,82.8
Exportaciones,2022,01/04/2022 0:00:00,Miel natural,4090090,Las demás mieles naturales (desde 2012),Alemania,Metropolitana,110.2,412.6,3.7
Exportaciones,2022,01/04/2022 0:00:00,Miel natural,4090090,Las demás mieles naturales (desde 2012),Alemania,Valparaíso,45.6,184.5,4
Exportaciones,2022,01/04/2022 0:00:00,Miel natural,4090090,Las demás mieles naturales (desde 2012),Estados Unidos,Metropolitana,113.7,467.9,4.1
Exportaciones,2022,01/04/2022 0:00:00,Miel natural,4090090,Las demás mieles naturales (desde 2012),Francia,Región de Los Ríos,20.1,83.2,4.1
Exportaciones,2022,01/04/2022 0:00:00,Miel orgánica,4090010,Miel orgánica (desde 2012),Alemania,Libertador Bernardo O'Higgins,66.4,304.5,4.5
Exportaciones,2022,01/05/2022 0:00:00,Material vivo - Abejas Reinas,1064112,Abejas reinas (Apis mellifera) (desde 2017),Canadá,Libertador Bernardo O'Higgins,2.5,51.2,19.8
Exportaciones,2022,01/05/2022 0:00:00,Material vivo - Abejas Reinas,1064112,Abejas reinas (Apis mellifera) (desde 2017),Canadá,Metropolitana,3,50.7,16.9
Exportaciones,2022,01/05/2022 0:00:00,Material vivo - Abejas Reinas,1064112,Abejas reinas (Apis mellifera) (desde 2017),Francia,Valparaíso,0.6,8.7,14.6
Exportaciones,2022,01/05/2022 0:00:00,Material vivo - Abejas Reinas,1064112,Abejas reinas (Apis mellifera) (desde 2017),Italia,Valparaíso,0.7,11,14.7
Exportaciones,2022,01/05/2022 0:00:00,Material vivo - Paquetes abejas,1064119,Las demás Abejas (Apis mellifera) (desde 2017),Canadá,Metropolitana,1,98,94.1
Exportaciones,2022,01/05/2022 0:00:00,Miel natural,4090090,Las demás mieles naturales (desde 2012),Alemania,Maule,93.1,382.1,4
Exportaciones,2022,01/05/2022 0:00:00,Miel natural,4090090,Las demás mieles naturales (desde 2012),Alemania,Metropolitana,44.4,174,3.9
Exportaciones,2022,01/05/2022 0:00:00,Miel natural,4090090,Las demás mieles naturales (desde 2012),Alemania,Región de Los Ríos,40.2,162.8,4
Exportaciones,2022,01/05/2022 0:00:00,Miel natural,4090090,Las demás mieles naturales (desde 2012),Alemania,Valparaíso,264,976.6,3.6
Exportaciones,2022,01/05/2022 0:00:00,Miel natural,4090090,Las demás mieles naturales (desde 2012),Arabia Saudita,Metropolitana,2.3,14.8,6.2
Exportaciones,2022,01/05/2022 0:00:00,Miel natural,4090090,Las demás mieles naturales (desde 2012),Estados Unidos,Metropolitana,47.3,239.7,5
Exportaciones,2022,01/05/2022 0:00:00,Miel orgánica,4090010,Miel orgánica (desde 2012),Alemania,Libertador Bernardo O'Higgins,65.7,298.1,4.5
Exportaciones,2022,01/06/2022 0:00:00,Material vivo - Abejas Reinas,1064112,Abejas reinas (Apis mellifera) (desde 2017),Canadá,Libertador Bernardo O'Higgins,2.2,43.8,19.8
Exportaciones,2022,01/06/2022 0:00:00,Material vivo - Abejas Reinas,1064112,Abejas reinas (Apis mellifera) (desde 2017),Canadá,Metropolitana,0.5,14,25.3
Exportaciones,2022,01/06/2022 0:00:00,Miel natural,4090090,Las demás mieles naturales (desde 2012),Alemania,BioBio,180.9,696.3,3.8
Exportaciones,2022,01/06/2022 0:00:00,Miel natural,4090090,Las demás mieles naturales (desde 2012),Alemania,Libertador Bernardo O'Higgins,43.3,166,3.8
Exportaciones,2022,01/06/2022 0:00:00,Miel natural,4090090,Las demás mieles naturales (desde 2012),Alemania,Maule,46.3,180.6,3.8
Exportaciones,2022,01/06/2022 0:00:00,Miel natural,4090090,Las demás mieles naturales (desde 2012),Alemania,Metropolitana,325.6,1312.5,4
Exportaciones,2022,01/06/2022 0:00:00,Miel natural,4090090,Las demás mieles naturales (desde 2012),España,Metropolitana,42.6,169,3.9
Exportaciones,2022,01/06/2022 0:00:00,Miel natural,4090090,Las demás mieles naturales (desde 2012),Francia,BioBio,20.1,83,4.1
Exportaciones,2022,01/06/2022 0:00:00,Miel natural,4090090,Las demás mieles naturales (desde 2012),Francia,Metropolitana,21,85.5,4
Exportaciones,2022,01/06/2022 0:00:00,Miel natural,4090090,Las demás mieles naturales (desde 2012),Reino Unido,Metropolitana,0.5,14.6,26.2
Exportaciones,2022,01/06/2022 0:00:00,Miel orgánica,4090010,Miel orgánica (desde 2012),Alemania,Libertador Bernardo O'Higgins,63.7,288.5,4.5
Exportaciones,2022,01/07/2022 0:00:00,Miel natural,4090090,Las demás mieles naturales (desde 2012),Alemania,BioBio,102,402.2,3.9
Exportaciones,2022,01/07/2022 0:00:00,Miel natural,4090090,Las demás mieles naturales (desde 2012),Alemania,Maule,90.2,351.8,3.9
Exportaciones,2022,01/07/2022 0:00:00,Miel natural,4090090,Las demás mieles naturales (desde 2012),Alemania,Metropolitana,260.3,1057,4
Exportaciones,2022,01/07/2022 0:00:00,Miel natural,4090090,Las demás mieles naturales (desde 2012),Suiza,Metropolitana,21.4,92.7,4.3
Exportaciones,2022,01/07/2022 0:00:00,Miel orgánica,4090010,Miel orgánica (desde 2012),Estados Unidos,Los Lagos,1,11.4,10.5
Exportaciones,2022,01/08/2022 0:00:00,Miel natural,4090090,Las demás mieles naturales (desde 2012),Alemania,BioBio,140.7,570.1,4
Exportaciones,2022,01/08/2022 0:00:00,Miel natural,4090090,Las demás mieles naturales (desde 2012),Alemania,Maule,23.5,91.8,3.8
Exportaciones,2022,01/08/2022 0:00:00,Miel natural,4090090,Las demás mieles naturales (desde 2012),Alemania,Mercadería extranjera nacionalizada,20.1,80.8,4
Exportaciones,2022,01/08/2022 0:00:00,Miel natural,4090090,Las demás mieles naturales (desde 2012),Alemania,Metropolitana,87.2,347,3.9
Exportaciones,2022,01/08/2022 0:00:00,Miel natural,4090090,Las demás mieles naturales (desde 2012),Alemania,Valparaíso,65.4,254.7,3.8
Exportaciones,2022,01/08/2022 0:00:00,Miel natural,4090090,Las demás mieles naturales (desde 2012),Emiratos Arabes,Metropolitana,0.6,12.3,20.6
Exportaciones,2022,01/08/2022 0:00:00,Miel natural,4090090,Las demás mieles naturales (desde 2012),España,Metropolitana,0.1,0.6,5.9
Exportaciones,2022,01/08/2022 0:00:00,Miel natural,4090090,Las demás mieles naturales (desde 2012),Estados Unidos,Metropolitana,38.1,147.6,3.8
Exportaciones,2022,01/08/2022 0:00:00,Miel natural,4090090,Las demás mieles naturales (desde 2012),Francia,BioBio,40.2,166.8,4.1
Exportaciones,2022,01/08/2022 0:00:00,Miel natural,4090090,Las demás mieles naturales (desde 2012),Holanda,BioBio,20.1,88.4,4.4
Exportaciones,2022,01/08/2022 0:00:00,Miel orgánica,4090010,Miel orgánica (desde 2012),Arabia Saudita,Metropolitana,8.3,42.4,5
Exportaciones,2022,01/08/2022 0:00:00,Miel orgánica,4090010,Miel orgánica (desde 2012),Hong Kong,Metropolitana,0,0.5,9.6
Exportaciones,2022,01/09/2022 0:00:00,Miel natural,4090090,Las demás mieles naturales (desde 2012),Alemania,BioBio,80.4,325.8,4
Exportaciones,2022,01/09/2022 0:00:00,Miel natural,4090090,Las demás mieles naturales (desde 2012),Alemania,Valparaíso,43.4,161.8,3.7
Exportaciones,2022,01/09/2022 0:00:00,Miel natural,4090090,Las demás mieles naturales (desde 2012),Francia,BioBio,40.2,166.5,4.1
Exportaciones,2022,01/09/2022 0:00:00,Miel natural,4090090,Las demás mieles naturales (desde 2012),Suiza,Metropolitana,21.3,91,4.2
Exportaciones,2022,01/09/2022 0:00:00,Miel orgánica,4090010,Miel orgánica (desde 2012),Alemania,Metropolitana,21.4,92.3,4.3
Exportaciones,2022,01/09/2022 0:00:00,Miel orgánica,4090010,Miel orgánica (desde 2012),España,Metropolitana,21.4,97.4,4.5
Exportaciones,2022,01/10/2022 0:00:00,Miel natural,4090090,Las demás mieles naturales (desde 2012),Alemania,BioBio,140.7,575.4,4
Exportaciones,2022,01/10/2022 0:00:00,Miel natural,4090090,Las demás mieles naturales (desde 2012),Alemania,Valparaíso,87.3,302,3.4
Exportaciones,2022,01/10/2022 0:00:00,Miel natural,4090090,Las demás mieles naturales (desde 2012),Estados Unidos,Metropolitana,76.2,295.2,3.8
Exportaciones,2022,01/10/2022 0:00:00,Miel natural,4090090,Las demás mieles naturales (desde 2012),Francia,BioBio,40.2,167.1,4.1
Exportaciones,Avance 2022,01/11/2022 0:00:00,Material vivo - Abejas Reinas,1064112,Abejas reinas (Apis mellifera) (desde 2017),Canadá,Libertador Bernardo O'Higgins,4.7,95.1,19.8
Exportaciones,Avance 2022,01/11/2022 0:00:00,Material vivo - Abejas Reinas,1064112,Abejas reinas (Apis mellifera) (desde 2017),Canadá,Metropolitana,3.5,64.8,18.2
Exportaciones,Avance 2022,01/11/2022 0:00:00,Material vivo - Abejas Reinas,1064112,Abejas reinas (Apis mellifera) (desde 2017),Francia,Valparaíso,0.6,8.7,14.6
Exportaciones,Avance 2022,01/11/2022 0:00:00,Material vivo - Abejas Reinas,1064112,Abejas reinas (Apis mellifera) (desde 2017),Italia,Valparaíso,1.6,23,14.4
Exportaciones,Avance 2022,01/11/2022 0:00:00,Material vivo - Paquetes abejas,1064119,Las demás Abejas (Apis mellifera) (desde 2017),Canadá,Metropolitana,2.6,232.2,87.2
Exportaciones,Avance 2022,01/11/2022 0:00:00,Miel natural,4090090,Las demás mieles naturales (desde 2012),Alemania,BioBio,785.4,3135,3.9
Exportaciones,2022,01/11/2022 0:00:00,Miel natural,4090090,Las demás mieles naturales (desde 2012),Alemania,BioBio,80.4,333.8,4.1
Exportaciones,Avance 2022,01/11/2022 0:00:00,Miel natural,4090090,Las demás mieles naturales (desde 2012),Alemania,Libertador Bernardo O'Higgins,43.3,166,3.8
Exportaciones,Avance 2022,01/11/2022 0:00:00,Miel natural,4090090,Las demás mieles naturales (desde 2012),Alemania,Maule,277,1103.8,3.9
Exportaciones,Avance 2022,01/11/2022 0:00:00,Miel natural,4090090,Las demás mieles naturales (desde 2012),Alemania,Mercadería extranjera nacionalizada,20.1,80.8,4
Exportaciones,Avance 2022,01/11/2022 0:00:00,Miel natural,4090090,Las demás mieles naturales (desde 2012),Alemania,Metropolitana,1088.4,4318.8,3.9
Exportaciones,Avance 2022,01/11/2022 0:00:00,Miel natural,4090090,Las demás mieles naturales (desde 2012),Alemania,Región de Los Ríos,40.2,162.8,4
Exportaciones,Avance 2022,01/11/2022 0:00:00,Miel natural,4090090,Las demás mieles naturales (desde 2012),Alemania,Valparaíso,790.7,2971.5,3.7
Exportaciones,2022,01/11/2022 0:00:00,Miel natural,4090090,Las demás mieles naturales (desde 2012),Alemania,Valparaíso,42.8,133,3.1
Exportaciones,Avance 2022,01/11/2022 0:00:00,Miel natural,4090090,Las demás mieles naturales (desde 2012),Arabia Saudita,Metropolitana,2.3,14.8,6.2
Exportaciones,Avance 2022,01/11/2022 0:00:00,Miel natural,4090090,Las demás mieles naturales (desde 2012),Bélgica,Metropolitana,21.3,87.6,4
Exportaciones,Avance 2022,01/11/2022 0:00:00,Miel natural,4090090,Las demás mieles naturales (desde 2012),Emiratos Arabes,Metropolitana,0.6,12.3,20.6
Exportaciones,Avance 2022,01/11/2022 0:00:00,Miel natural,4090090,Las demás mieles naturales (desde 2012),España,Metropolitana,85.6,337,3.9
Exportaciones,Avance 2022,01/11/2022 0:00:00,Miel natural,4090090,Las demás mieles naturales (desde 2012),Estados Unidos,Metropolitana,466.5,1934.8,4.1
Exportaciones,2022,01/11/2022 0:00:00,Miel natural,4090090,Las demás mieles naturales (desde 2012),Estados Unidos,Metropolitana,76.2,305.1,4
Exportaciones,Avance 2022,01/11/2022 0:00:00,Miel natural,4090090,Las demás mieles naturales (desde 2012),Francia,BioBio,140.7,583.7,4.1
Exportaciones,Avance 2022,01/11/2022 0:00:00,Miel natural,4090090,Las demás mieles naturales (desde 2012),Francia,Metropolitana,21,85.5,4
Exportaciones,Avance 2022,01/11/2022 0:00:00,Miel natural,4090090,Las demás mieles naturales (desde 2012),Francia,Región de Los Ríos,20.1,83.2,4.1
Exportaciones,Avance 2022,01/11/2022 0:00:00,Miel natural,4090090,Las demás mieles naturales (desde 2012),Holanda,BioBio,20.1,88.4,4.4
Exportaciones,Avance 2022,01/11/2022 0:00:00,Miel natural,4090090,Las demás mieles naturales (desde 2012),Hong Kong,Libertador Bernardo O'Higgins,0.1,1.2,7.3
Exportaciones,Avance 2022,01/11/2022 0:00:00,Miel natural,4090090,Las demás mieles naturales (desde 2012),Japón,Los Lagos,0.7,12.7,17
Exportaciones,2022,01/11/2022 0:00:00,Miel natural,4090090,Las demás mieles naturales (desde 2012),Japón,Los Lagos,0.7,12.7,17
Exportaciones,Avance 2022,01/11/2022 0:00:00,Miel natural,4090090,Las demás mieles naturales (desde 2012),Japón,Metropolitana,2.9,35.8,12
Exportaciones,Avance 2022,01/11/2022 0:00:00,Miel natural,4090090,Las demás mieles naturales (desde 2012),Reino Unido,Metropolitana,1,28.6,27.5
Exportaciones,Avance 2022,01/11/2022 0:00:00,Miel natural,4090090,Las demás mieles naturales (desde 2012),Suiza,Metropolitana,42.8,183.8,4.2
Exportaciones,Avance 2022,01/11/2022 0:00:00,Miel orgánica,4090010,Miel orgánica (desde 2012),Alemania,Libertador Bernardo O'Higgins,217.7,990.5,4.5
Exportaciones,Avance 2022,01/11/2022 0:00:00,Miel orgánica,4090010,Miel orgánica (desde 2012),Alemania,Metropolitana,64,280.8,4.3
Exportaciones,Avance 2022,01/11/2022 0:00:00,Miel orgánica,4090010,Miel orgánica (desde 2012),Arabia Saudita,Metropolitana,8.3,42.4,5
Exportaciones,Avance 2022,01/11/2022 0:00:00,Miel orgánica,4090010,Miel orgánica (desde 2012),España,Metropolitana,21.4,97.4,4.5
Exportaciones,Avance 2022,01/11/2022 0:00:00,Miel orgánica,4090010,Miel orgánica (desde 2012),Estados Unidos,Los Lagos,1,11.4,10.5
Exportaciones,Avance 2022,01/11/2022 0:00:00,Miel orgánica,4090010,Miel orgánica (desde 2012),Hong Kong,Metropolitana,0,0.5,9.6
Exportaciones,2023,01/01/2023 0:00:00,Miel natural,4090090,Las demás mieles naturales (desde 2012),Alemania,Valparaíso,21.3,66.1,3
Exportaciones,2023,01/01/2023 0:00:00,Miel natural,4090090,Las demás mieles naturales (desde 2012),Kuwait,Los Lagos,0.3,5.3,15.1
Exportaciones,2023,01/01/2023 0:00:00,Miel orgánica,4090010,Miel orgánica (desde 2012),Estados Unidos,Los Lagos,0.6,6.2,9.5
Exportaciones,2023,01/02/2023 0:00:00,Miel natural,4090090,Las demás mieles naturales (desde 2012),Emiratos Arabes,Metropolitana,0.5,9,17.9
Exportaciones,2023,01/03/2023 0:00:00,Miel natural,4090090,Las demás mieles naturales (desde 2012),Alemania,Metropolitana,106,380.6,3.5
Exportaciones,2023,01/03/2023 0:00:00,Miel natural,4090090,Las demás mieles naturales (desde 2012),Alemania,Valparaíso,22.6,86,3.8
Exportaciones,2023,01/03/2023 0:00:00,Miel natural,4090090,Las demás mieles naturales (desde 2012),Estados Unidos,Metropolitana,18.9,62.3,3.2
Exportaciones,2023,01/03/2023 0:00:00,Miel natural,4090090,Las demás mieles naturales (desde 2012),Francia,Metropolitana,19.8,74.9,3.7
Exportaciones,2023,01/03/2023 0:00:00,Miel natural,4090090,Las demás mieles naturales (desde 2012),Kuwait,Metropolitana,0.3,4.4,13.6
Exportaciones,2023,01/03/2023 0:00:00,Miel orgánica,4090010,Miel orgánica (desde 2012),España,Metropolitana,21.4,89,4.1
Exportaciones,2023,01/04/2023 0:00:00,Material vivo - Abejas Reinas,1064112,Abejas reinas (Apis mellifera) (desde 2017),Francia,Valparaíso,0.9,13.7,15.2
Exportaciones,2023,01/04/2023 0:00:00,Material vivo - Paquetes abejas,1064119,Las demás Abejas (Apis mellifera) (desde 2017),Canadá,Metropolitana,1.3,148.2,109.8
Exportaciones,2023,01/04/2023 0:00:00,Miel natural,4090090,Las demás mieles naturales (desde 2012),Alemania,Metropolitana,238.7,748.2,3.1
Exportaciones,2023,01/04/2023 0:00:00,Miel natural,4090090,Las demás mieles naturales (desde 2012),Alemania,Región de Los Ríos,80.4,263.3,3.2
Exportaciones,2023,01/04/2023 0:00:00,Miel natural,4090090,Las demás mieles naturales (desde 2012),Estados Unidos,Metropolitana,0.2,5.1,18.3
Exportaciones,2023,01/04/2023 0:00:00,Miel natural,4090090,Las demás mieles naturales (desde 2012),Holanda,Región de Los Ríos,19.5,72.7,3.7
Exportaciones,2023,01/04/2023 0:00:00,Miel natural,4090090,Las demás mieles naturales (desde 2012),Italia,Metropolitana,2,10.9,5.2
Exportaciones,2023,01/04/2023 0:00:00,Miel natural,4090090,Las demás mieles naturales (desde 2012),Kuwait,Libertador Bernardo O'Higgins,0.4,6.9,14.5
Exportaciones,2023,01/04/2023 0:00:00,Miel orgánica,4090010,Miel orgánica (desde 2012),Alemania,Libertador Bernardo O'Higgins,43.6,162.7,3.7
Exportaciones,2023,01/04/2023 0:00:00,Miel orgánica,4090010,Miel orgánica (desde 2012),Estados Unidos,Los Lagos,5.2,76.9,14.5
Exportaciones,2023,01/05/2023 0:00:00,Material vivo - Abejas Reinas,1064112,Abejas reinas (Apis mellifera) (desde 2017),Canadá,Libertador Bernardo O'Higgins,4.2,80.7,19
Exportaciones,2023,01/05/2023 0:00:00,Material vivo - Paquetes abejas,1064119,Las demás Abejas (Apis mellifera) (desde 2017),Canadá,Metropolitana,2.3,290.9,125
Exportaciones,2023,01/05/2023 0:00:00,Miel natural,4090090,Las demás mieles naturales (desde 2012),Alemania,Metropolitana,303.4,913.3,3
Exportaciones,2023,01/05/2023 0:00:00,Miel natural,4090090,Las demás mieles naturales (desde 2012),Alemania,Región de Los Ríos,126,453.4,3.5
Exportaciones,2023,01/05/2023 0:00:00,Miel natural,4090090,Las demás mieles naturales (desde 2012),Alemania,Valparaíso,108.8,326,2.9
Exportaciones,2023,01/05/2023 0:00:00,Miel natural,4090090,Las demás mieles naturales (desde 2012),España,Metropolitana,15.6,54.6,3.5
Exportaciones,2023,01/05/2023 0:00:00,Miel natural,4090090,Las demás mieles naturales (desde 2012),Estados Unidos,Metropolitana,43.9,166.2,3.7
Exportaciones,2023,01/05/2023 0:00:00,Miel natural,4090090,Las demás mieles naturales (desde 2012),Francia,Metropolitana,42,163.6,3.8
Exportaciones,2023,01/05/2023 0:00:00,Miel natural,4090090,Las demás mieles naturales (desde 2012),Francia,Región de Los Ríos,20.1,78,3.8
Exportaciones,2023,01/05/2023 0:00:00,Miel orgánica,4090010,Miel orgánica (desde 2012),Alemania,Libertador Bernardo O'Higgins,64.5,235.4,3.6
Exportaciones,2023,01/06/2023 0:00:00,Material vivo - Abejas Reinas,1064112,Abejas reinas (Apis mellifera) (desde 2017),Canadá,Libertador Bernardo O'Higgins,6.2,120.5,19.2
Exportaciones,2023,01/06/2023 0:00:00,Material vivo - Abejas Reinas,1064112,Abejas reinas (Apis mellifera) (desde 2017),Canadá,Metropolitana,0.7,20.4,27.8
Exportaciones,2023,01/06/2023 0:00:00,Miel natural,4090090,Las demás mieles naturales (desde 2012),Alemania,Metropolitana,132,388.3,2.9
Exportaciones,2023,01/06/2023 0:00:00,Miel natural,4090090,Las demás mieles naturales (desde 2012),Alemania,Región de Los Ríos,21,75.5,3.5
Exportaciones,2023,01/06/2023 0:00:00,Miel natural,4090090,Las demás mieles naturales (desde 2012),Alemania,Valparaíso,65.7,193,2.9
Exportaciones,2023,01/06/2023 0:00:00,Miel natural,4090090,Las demás mieles naturales (desde 2012),Bélgica,Metropolitana,10.7,39,3.6
Exportaciones,2023,01/06/2023 0:00:00,Miel natural,4090090,Las demás mieles naturales (desde 2012),Estados Unidos,Metropolitana,18.6,56,3
Exportaciones,2023,01/06/2023 0:00:00,Miel natural,4090090,Las demás mieles naturales (desde 2012),Suiza,Metropolitana,21.4,62.1,2.8
Exportaciones,2023,01/06/2023 0:00:00,Miel orgánica,4090010,Miel orgánica (desde 2012),Alemania,Libertador Bernardo O'Higgins,43.5,163.4,3.7
Exportaciones,2023,01/07/2023 0:00:00,Miel natural,4090090,Las demás mieles naturales (desde 2012),Alemania,Metropolitana,20.8,77.5,3.7
Exportaciones,2023,01/07/2023 0:00:00,Miel natural,4090090,Las demás mieles naturales (desde 2012),Alemania,Región de Los Ríos,147,501,3.4
Exportaciones,2023,01/07/2023 0:00:00,Miel natural,4090090,Las demás mieles naturales (desde 2012),Alemania,Valparaíso,243.1,706,2.9
Exportaciones,2023,01/07/2023 0:00:00,Miel natural,4090090,Las demás mieles naturales (desde 2012),Estados Unidos,Metropolitana,37.9,111.1,2.9
Exportaciones,2023,01/07/2023 0:00:00,Miel natural,4090090,Las demás mieles naturales (desde 2012),Japón,Metropolitana,1.2,8,6.7
Exportaciones,2023,01/07/2023 0:00:00,Miel natural,4090090,Las demás mieles naturales (desde 2012),Suiza,Metropolitana,21.4,62.1,2.8
Exportaciones,2023,01/07/2023 0:00:00,Miel orgánica,4090010,Miel orgánica (desde 2012),Estados Unidos,Los Lagos,2.8,20.9,7.4
Exportaciones,2023,01/08/2023 0:00:00,Miel natural,4090090,Las demás mieles naturales (desde 2012),Alemania,Valparaíso,263.6,733.3,2.7
Exportaciones,2023,01/08/2023 0:00:00,Miel natural,4090090,Las demás mieles naturales (desde 2012),Estados Unidos,Metropolitana,6.8,61.5,9
Exportaciones,2023,01/08/2023 0:00:00,Miel natural,4090090,Las demás mieles naturales (desde 2012),Estados Unidos,Valparaíso,0,0.5,20.5
Exportaciones,2023,01/08/2023 0:00:00,Miel natural,4090090,Las demás mieles naturales (desde 2012),Francia,Región de Los Ríos,21,82.2,3.9
Exportaciones,2023,01/08/2023 0:00:00,Miel natural,4090090,Las demás mieles naturales (desde 2012),Suiza,Metropolitana,0.3,8.7,24.6
Exportaciones,2023,01/09/2023 0:00:00,Miel natural,4090090,Las demás mieles naturales (desde 2012),Alemania,Maule,23.1,46.3,2
Exportaciones,2023,01/09/2023 0:00:00,Miel natural,4090090,Las demás mieles naturales (desde 2012),Alemania,Región de Los Ríos,21,71.8,3.4
Exportaciones,2023,01/09/2023 0:00:00,Miel natural,4090090,Las demás mieles naturales (desde 2012),Alemania,Valparaíso,65.7,182.8,2.7
Exportaciones,2023,01/09/2023 0:00:00,Miel natural,4090090,Las demás mieles naturales (desde 2012),Emiratos Arabes,Metropolitana,0.2,6.7,26.6
Exportaciones,2023,01/09/2023 0:00:00,Miel orgánica,4090010,Miel orgánica (desde 2012),Alemania,Metropolitana,21.4,70.5,3.2
Exportaciones,2023,01/09/2023 0:00:00,Miel orgánica,4090010,Miel orgánica (desde 2012),Hong Kong,Metropolitana,0,0.5,11.2
Exportaciones,Avance 2023,01/11/2023 0:00:00,Material vivo - Abejas Reinas,1064112,Abejas reinas (Apis mellifera) (desde 2017),Canadá,Libertador Bernardo O'Higgins,10.4,201.3,19.1
Exportaciones,Avance 2023,01/11/2023 0:00:00,Material vivo - Abejas Reinas,1064112,Abejas reinas (Apis mellifera) (desde 2017),Canadá,Metropolitana,0.7,20.4,27.8
Exportaciones,Avance 2023,01/11/2023 0:00:00,Material vivo - Abejas Reinas,1064112,Abejas reinas (Apis mellifera) (desde 2017),Francia,Valparaíso,0.9,13.7,15.2
Exportaciones,Avance 2023,01/11/2023 0:00:00,Material vivo - Paquetes abejas,1064119,Las demás Abejas (Apis mellifera) (desde 2017),Canadá,Metropolitana,3.6,439.1,119.4
Exportaciones,Avance 2023,01/11/2023 0:00:00,Miel natural,4090090,Las demás mieles naturales (desde 2012),Alemania,Maule,23.1,46.3,2
Exportaciones,Avance 2023,01/11/2023 0:00:00,Miel natural,4090090,Las demás mieles naturales (desde 2012),Alemania,Metropolitana,1019.4,3031.8,2.9
Exportaciones,2023,01/11/2023 0:00:00,Miel natural,4090090,Las demás mieles naturales (desde 2012),Alemania,Metropolitana,218.3,523.7,2.3
Exportaciones,2023,01/11/2023 0:00:00,Miel natural,4090090,Las demás mieles naturales (desde 2012),Alemania,Región de Los Ríos,146.4,428.1,2.9
Exportaciones,Avance 2023,01/11/2023 0:00:00,Miel natural,4090090,Las demás mieles naturales (desde 2012),Alemania,Región de Los Ríos,541.8,1793.5,3.3
Exportaciones,Avance 2023,01/11/2023 0:00:00,Miel natural,4090090,Las demás mieles naturales (desde 2012),Alemania,Valparaíso,878.8,2501.1,2.8
Exportaciones,2023,01/11/2023 0:00:00,Miel natural,4090090,Las demás mieles naturales (desde 2012),Alemania,Valparaíso,87.6,207.6,2.3
Exportaciones,Avance 2023,01/11/2023 0:00:00,Miel natural,4090090,Las demás mieles naturales (desde 2012),Bélgica,Metropolitana,10.7,39,3.6
Exportaciones,Avance 2023,01/11/2023 0:00:00,Miel natural,4090090,Las demás mieles naturales (desde 2012),Emiratos Arabes,Metropolitana,0.7,15.7,20.8
Exportaciones,Avance 2023,01/11/2023 0:00:00,Miel natural,4090090,Las demás mieles naturales (desde 2012),España,Metropolitana,15.6,54.6,3.5
Exportaciones,Avance 2023,01/11/2023 0:00:00,Miel natural,4090090,Las demás mieles naturales (desde 2012),Estados Unidos,Metropolitana,126.6,462.6,3.6
Exportaciones,Avance 2023,01/11/2023 0:00:00,Miel natural,4090090,Las demás mieles naturales (desde 2012),Estados Unidos,Valparaíso,0,1.7,20.5
Exportaciones,2023,01/11/2023 0:00:00,Miel natural,4090090,Las demás mieles naturales (desde 2012),Estados Unidos,Valparaíso,0,1.1,20.5
Exportaciones,Avance 2023,01/11/2023 0:00:00,Miel natural,4090090,Las demás mieles naturales (desde 2012),Francia,Metropolitana,61.8,238.6,3.8
Exportaciones,Avance 2023,01/11/2023 0:00:00,Miel natural,4090090,Las demás mieles naturales (desde 2012),Francia,Región de Los Ríos,41.1,160.3,3.9
Exportaciones,Avance 2023,01/11/2023 0:00:00,Miel natural,4090090,Las demás mieles naturales (desde 2012),Holanda,Región de Los Ríos,19.5,72.7,3.7
Exportaciones,Avance 2023,01/11/2023 0:00:00,Miel natural,4090090,Las demás mieles naturales (desde 2012),Italia,Metropolitana,2,10.9,5.2
Exportaciones,Avance 2023,01/11/2023 0:00:00,Miel natural,4090090,Las demás mieles naturales (desde 2012),Japón,Metropolitana,1.2,8,6.7
Exportaciones,Avance 2023,01/11/2023 0:00:00,Miel natural,4090090,Las demás mieles naturales (desde 2012),Kuwait,Libertador Bernardo O'Higgins,0.4,6.9,14.5
Exportaciones,Avance 2023,01/11/2023 0:00:00,Miel natural,4090090,Las demás mieles naturales (desde 2012),Kuwait,Los Lagos,0.3,5.3,15.1
Exportaciones,Avance 2023,01/11/2023 0:00:00,Miel natural,4090090,Las demás mieles naturales (desde 2012),Kuwait,Metropolitana,0.3,4.4,13.6
Exportaciones,Avance 2023,01/11/2023 0:00:00,Miel natural,4090090,Las demás mieles naturales (desde 2012),Suiza,Metropolitana,43.2,132.9,3
Exportaciones,Avance 2023,01/11/2023 0:00:00,Miel orgánica,4090010,Miel orgánica (desde 2012),Alemania,Libertador Bernardo O'Higgins,151.7,561.6,3.7
Exportaciones,Avance 2023,01/11/2023 0:00:00,Miel orgánica,4090010,Miel orgánica (desde 2012),Alemania,Metropolitana,64.3,182.1,2.8
Exportaciones,2023,01/11/2023 0:00:00,Miel orgánica,4090010,Miel orgánica (desde 2012),Alemania,Metropolitana,42.9,111.6,2.6
Exportaciones,Avance 2023,01/11/2023 0:00:00,Miel orgánica,4090010,Miel orgánica (desde 2012),España,Metropolitana,21.4,89,4.1
Exportaciones,Avance 2023,01/11/2023 0:00:00,Miel orgánica,4090010,Miel orgánica (desde 2012),Estados Unidos,Los Lagos,8.7,104,11.8
Exportaciones,Avance 2023,01/11/2023 0:00:00,Miel orgánica,4090010,Miel orgánica (desde 2012),Hong Kong,Metropolitana,0,0.5,11.2
Importaciones,2019,01/01/2019 0:00:00,Cera,15219019,Las demás ceras de abejas incluso refinadas o coloreadas (desde 2017),Estados Unidos,,0,0,89.5
Importaciones,2019,01/03/2019 0:00:00,Cera,15219019,Las demás ceras de abejas incluso refinadas o coloreadas (desde 2017),Francia,,1.4,32.3,22.1
Importaciones,2019,01/05/2019 0:00:00,Miel natural,4090090,Las demás mieles naturales (desde 2012),Eslovenia,,0,0.1,34.6
Importaciones,2019,01/06/2019 0:00:00,Cera,15219019,Las demás ceras de abejas incluso refinadas o coloreadas (desde 2017),España,,0.1,2.3,23.9
Importaciones,2019,01/10/2019 0:00:00,Cera,15219019,Las demás ceras de abejas incluso refinadas o coloreadas (desde 2017),Alemania,,1,9.3,9.3
Importaciones,2019,01/11/2019 0:00:00,Cera,15219019,Las demás ceras de abejas incluso refinadas o coloreadas (desde 2017),España,,0.2,6.1,24.6
Importaciones,2020,01/05/2020 0:00:00,Cera,15219019,Las demás ceras de abejas incluso refinadas o coloreadas (desde 2017),Alemania,,1,10.3,10.3
Importaciones,2020,01/10/2020 0:00:00,Cera,15219019,Las demás ceras de abejas incluso refinadas o coloreadas (desde 2017),Alemania,,0.1,1.6,16.5
Importaciones,2020,01/11/2020 0:00:00,Material vivo - Paquetes abejas,1064119,Las demás Abejas (Apis mellifera) (desde 2017),Canadá,,72,3.3,0
Importaciones,2020,01/11/2020 0:00:00,Miel natural,4090090,Las demás mieles naturales (desde 2012),China,,0.3,0.4,1.2
Importaciones,2020,01/12/2020 0:00:00,Cera,15219019,Las demás ceras de abejas incluso refinadas o coloreadas (desde 2017),Alemania,,1.5,15,10
Importaciones,2021,01/01/2021 0:00:00,Cera,15219019,Las demás ceras de abejas incluso refinadas o coloreadas (desde 2017),China,,0.8,1.7,2.1
Importaciones,2021,01/01/2021 0:00:00,Miel natural,4090090,Las demás mieles naturales (desde 2012),Estados Unidos,,0,0,41
Importaciones,2021,01/02/2021 0:00:00,Miel natural,4090090,Las demás mieles naturales (desde 2012),Perú,,0.2,0.3,1.2
Importaciones,2021,01/03/2021 0:00:00,Cera,15219019,Las demás ceras de abejas incluso refinadas o coloreadas (desde 2017),Estados Unidos,,0,1,55.2
Importaciones,2021,01/04/2021 0:00:00,Cera,15219019,Las demás ceras de abejas incluso refinadas o coloreadas (desde 2017),Alemania,,1.8,18.7,10.4
Importaciones,2021,01/04/2021 0:00:00,Cera,15219019,Las demás ceras de abejas incluso refinadas o coloreadas (desde 2017),Francia,,0.2,4.7,23.9
Importaciones,2021,01/04/2021 0:00:00,Miel natural,4090090,Las demás mieles naturales (desde 2012),Perú,,0.2,0.3,1.5
Importaciones,2021,01/05/2021 0:00:00,Cera,15219019,Las demás ceras de abejas incluso refinadas o coloreadas (desde 2017),Alemania,,4,38.3,9.5
Importaciones,2021,01/06/2021 0:00:00,Cera,15219019,Las demás ceras de abejas incluso refinadas o coloreadas (desde 2017),España,,0,2,27.8
Importaciones,2021,01/08/2021 0:00:00,Cera,15219019,Las demás ceras de abejas incluso refinadas o coloreadas (desde 2017),Francia,,0,1.2,25.3
Importaciones,2021,01/08/2021 0:00:00,Miel natural,4090090,Las demás mieles naturales (desde 2012),Perú,,0,0,0.9
Importaciones,2021,01/08/2021 0:00:00,Miel natural,4090090,Las demás mieles naturales (desde 2012),Reino Unido,,0,0.1,43.3
Importaciones,2021,01/11/2021 0:00:00,Material vivo - Paquetes abejas,1064119,Las demás Abejas (Apis mellifera) (desde 2017),Canadá,,25,2.1,0
Importaciones,2021,01/11/2021 0:00:00,Miel natural,4090090,Las demás mieles naturales (desde 2012),Francia,,0,0,393.8
Importaciones,2021,01/11/2021 0:00:00,Miel natural,4090090,Las demás mieles naturales (desde 2012),Reino Unido,,0,0,38.4
Importaciones,2021,01/12/2021 0:00:00,Material vivo - Paquetes abejas,1064119,Las demás Abejas (Apis mellifera) (desde 2017),Canadá,,180,7.3,0
Importaciones,2022,01/07/2022 0:00:00,Cera,15219019,Las demás ceras de abejas incluso refinadas o coloreadas (desde 2017),Alemania,,2,20,10
Importaciones,2022,01/07/2022 0:00:00,Cera,15219019,Las demás ceras de abejas incluso refinadas o coloreadas (desde 2017),Holanda,,1.2,11,9.2
Importaciones,Avance 2022,01/11/2022 0:00:00,Cera,15219019,Las demás ceras de abejas incluso refinadas o coloreadas (desde 2017),Alemania,,2,20,10
Importaciones,Avance 2022,01/11/2022 0:00:00,Cera,15219019,Las demás ceras de abejas incluso refinadas o coloreadas (desde 2017),Holanda,,1.2,11,9.2
Importaciones,Avance 2022,01/11/2022 0:00:00,Material vivo - Paquetes abejas,1064119,Las demás Abejas (Apis mellifera) (desde 2017),Canadá,,180,8.5,0
Importaciones,2022,01/11/2022 0:00:00,Material vivo - Paquetes abejas,1064119,Las demás Abejas (Apis mellifera) (desde 2017),Canadá,,180,8.5,0
Importaciones,2022,01/12/2022 0:00:00,Cera,15219019,Las demás ceras de abejas incluso refinadas o coloreadas (desde 2017),Alemania,,1,10.7,10.7
Importaciones,2022,01/12/2022 0:00:00,Material vivo - Paquetes abejas,1064119,Las demás Abejas (Apis mellifera) (desde 2017),Canadá,,180,4,0
Importaciones,2023,01/04/2023 0:00:00,Cera,15219019,Las demás ceras de abejas incluso refinadas o coloreadas (desde 2017),Alemania,,2,18.9,9.4
Importaciones,2023,01/04/2023 0:00:00,Cera,15219019,Las demás ceras de abejas incluso refinadas o coloreadas (desde 2017),Bélgica,,0.5,6.1,12.3
Importaciones,2023,01/04/2023 0:00:00,Miel natural,4090090,Las demás mieles naturales (desde 2012),Emiratos Arabes,,0,0.1,64.6
Importaciones,2023,01/06/2023 0:00:00,Cera,15219019,Las demás ceras de abejas incluso refinadas o coloreadas (desde 2017),Holanda,,0.5,5.1,10.2
Importaciones,2023,01/07/2023 0:00:00,Cera,15219019,Las demás ceras de abejas incluso refinadas o coloreadas (desde 2017),China,,0.6,4.8,7.5
Importaciones,2023,01/08/2023 0:00:00,Miel orgánica,4090010,Miel orgánica (desde 2012),India,,1.7,0.3,0.1
Importaciones,2023,01/09/2023 0:00:00,Cera,15219019,Las demás ceras de abejas incluso refinadas o coloreadas (desde 2017),Alemania,,2,18.3,8.9
Importaciones,Avance 2023,01/11/2023 0:00:00,Cera,15219019,Las demás ceras de abejas incluso refinadas o coloreadas (desde 2017),Alemania,,4,37.2,9.1
Importaciones,Avance 2023,01/11/2023 0:00:00,Cera,15219019,Las demás ceras de abejas incluso refinadas o coloreadas (desde 2017),Bélgica,,0.5,6.1,12.3
Importaciones,Avance 2023,01/11/2023 0:00:00,Cera,15219019,Las demás ceras de abejas incluso refinadas o coloreadas (desde 2017),China,,0.6,4.8,7.5
Importaciones,2023,01/11/2023 0:00:00,Cera,15219019,Las demás ceras de abejas incluso refinadas o coloreadas (desde 2017),Holanda,,0.5,4.8,9.7
Importaciones,Avance 2023,01/11/2023 0:00:00,Cera,15219019,Las demás ceras de abejas incluso refinadas o coloreadas (desde 2017),Holanda,,1,9.9,9.9
Importaciones,Avance 2023,01/11/2023 0:00:00,Miel natural,4090090,Las demás mieles naturales (desde 2012),Emiratos Arabes,,0,0.1,64.6
Importaciones,Avance 2023,01/11/2023 0:00:00,Miel orgánica,4090010,Miel orgánica (desde 2012),India,,1.7,0.3,0.1
